filename,augmentation,augmentation_intensity,mfcc_1,mfcc_2,mfcc_3,mfcc_4,mfcc_5,mfcc_6,mfcc_7,mfcc_8,mfcc_9,mfcc_10,mfcc_11,mfcc_12,mfcc_13,spectral_rolloff,energy,f0_mean,f0_std,spectral_centroid,zero_crossing_rate,spectral_contrast,harmonic_energy,percussive_energy,harmonic_percussive_ratio
abiodun_approve.ogg,original_with_silence,none,-463.7767639160156,106.86984252929688,-28.629131317138672,43.34698486328125,31.754911422729492,1.1980100870132446,22.426467895507812,9.363722801208496,8.781582832336426,8.500594139099121,-1.2501128911972046,6.686289310455322,-1.6417696475982666,4249.625748502994,0.04558559,1840.7825723260773,198.10479392136745,2489.8189418009692,0.06994409618263472,17.067035970259873,0.018796606,0.030722644,0.61181605
abiodun_approve.ogg,silence_trimmed,none,-380.0712890625,143.68360900878906,-61.0902214050293,49.52254104614258,41.721988677978516,-8.934576988220215,22.387563705444336,10.780062675476074,3.631992816925049,3.481145143508911,-2.77480411529541,6.181098461151123,-5.776752471923828,3976.814516129032,0.078958094,897.2533191370368,962.1993899901977,2458.7853663891224,0.07281691028225806,18.29676672663185,0.03435379,0.05129929,0.6696738
abiodun_approve.ogg,pitch_shift_up_light,light,-402.3346252441406,139.3816375732422,-63.11484146118164,57.063507080078125,36.288841247558594,-10.06970500946045,23.768123626708984,7.069586753845215,2.675295352935791,1.538540244102478,-1.2439240217208862,5.238131999969482,-6.599112033843994,4172.127016129032,0.056079056,2069.06393882229,20.28623458313812,2602.1318455710657,0.08323357694892473,22.211761665230014,0.026917377,0.03475173,0.7745623
abiodun_approve.ogg,pitch_shift_up_heavy,heavy,-402.2602844238281,134.5334930419922,-64.31159973144531,71.58432006835938,22.181007385253906,-4.712478160858154,27.593393325805664,0.11420879513025284,2.568591356277466,-3.4580790996551514,1.878136396408081,1.7619264125823975,-3.6951119899749756,4742.1875,0.05654609,1215.5075035435163,45.90708201797656,2936.6224947696446,0.09477381552419355,22.65832599109479,0.026832009,0.036215648,0.74089545
abiodun_approve.ogg,pitch_shift_down_light,light,-395.1605224609375,144.33079528808594,-59.51235580444336,39.99085235595703,46.5833740234375,-8.775078773498535,17.28245735168457,13.572754859924316,3.0602052211761475,4.858163833618164,-3.047558546066284,4.7260308265686035,-2.8260669708251953,3805.6955645161293,0.061828114,1924.667568854609,76.7247306982797,2354.1752572311493,0.07270665322580645,22.030024324010647,0.030015863,0.037511863,0.8001699
abiodun_approve.ogg,pitch_shift_down_heavy,heavy,-405.46063232421875,149.44155883789062,-55.131343841552734,25.77192497253418,55.47327423095703,-2.2592759132385254,12.213536262512207,19.93252182006836,5.974098205566406,8.215357780456543,-0.29248255491256714,2.042402505874634,4.20241117477417,3314.0120967741937,0.05993625,1715.467683903246,66.1192613373239,2058.08485925743,0.06531418010752688,21.738350736072437,0.032631695,0.032700963,0.99788177
abiodun_approve.ogg,time_stretch_speedup_light,light,-392.8465881347656,138.40443420410156,-59.9939079284668,47.64392852783203,41.78861999511719,-9.300190925598145,21.017887115478516,11.439245223999023,2.491029739379883,2.4151065349578857,-2.8793082237243652,4.682886600494385,-6.453333377838135,4073.9397321428573,0.060165517,2014.088850472913,71.04255959755352,2498.672641809851,0.07824125744047619,18.735003970205533,0.028279219,0.038111098,0.74202055
abiodun_approve.ogg,time_stretch_speedup_heavy,heavy,-394.8995666503906,140.52761840820312,-60.61711120605469,48.858341217041016,42.39949417114258,-9.400469779968262,22.550493240356445,13.564692497253418,3.9427897930145264,2.160064220428467,-4.3346099853515625,3.6487112045288086,-6.507756233215332,3978.4330985915494,0.059029188,1978.853584272824,43.18071441963547,2491.449540460569,0.07977552816901408,19.017876493594326,0.02619577,0.038779404,0.6755073
abiodun_approve.ogg,time_stretch_slowdown_light,light,-406.60333251953125,140.74868774414062,-62.379512786865234,49.295623779296875,42.18309783935547,-9.324501037597656,22.608795166015625,12.178628921508789,3.8484129905700684,3.7155065536499023,-1.3567206859588623,7.062358379364014,-5.056870937347412,3978.4587378640776,0.05684831,2014.503610106373,72.45249392984906,2469.076006881729,0.08027722997572816,19.277811156488724,0.028641423,0.033673853,0.8505538
abiodun_approve.ogg,time_stretch_slowdown_heavy,heavy,-415.9862060546875,145.61386108398438,-67.11032104492188,50.305782318115234,41.478546142578125,-10.155231475830078,24.23314666748047,11.564573287963867,3.822354793548584,3.5004727840423584,-3.423424482345581,6.510917663574219,-4.9847941398620605,4000.177556818182,0.05340796,2004.403232738237,62.024978925356855,2522.6409589353357,0.08162804805871213,19.45962724493002,0.028570656,0.029591626,0.96549803
abiodun_approve.ogg,noise_overlay_light,light,-295.8960778777333,78.38205138538112,-28.17833338985496,34.22967483668405,34.762675288617324,-3.6855026826776416,13.02911108500917,13.603304661684978,1.5648335506879691,-0.027298554418014015,0.8638628115644451,2.9494120455009956,-4.848771190005923,8860.635080645161,0.07912196,2010.250215947799,73.32410376118732,5149.293283781624,0.1463058635752688,15.507498933487774,0.034456413,0.05142604,0.6700188
abiodun_approve.ogg,noise_overlay_medium,medium,-250.1023620461761,56.01250404852391,-16.963411321961495,28.245436758962825,29.887848409576055,-2.001842034751429,9.84283204916272,12.700197384293174,-0.4188445917723826,-2.791759236598144,1.7126271090868315,0.6417196972231984,-6.476004324707544,11458.417338709678,0.07965467,2020.9051242335497,67.60761311297708,6305.576890981447,0.18820354502688172,14.925860586242441,0.03487578,0.05163043,0.6754889
abiodun_approve.ogg,noise_overlay_heavy,heavy,-210.11452261772698,41.99464350266826,-10.20031388442923,24.14949948394619,25.62119396955946,-1.3444028388873026,7.535455760576068,11.372135257841045,-1.088118936451179,-3.7962529673700507,1.934543019734087,-0.3151302463234662,-6.231066436352674,13729.586693548386,0.080973126,2022.8574788849483,67.8089579621151,7359.742765837145,0.22085013440860216,14.44963088552277,0.035728358,0.052270465,0.6835286
abiodun_approve.ogg,time_masking_light,light,-391.46453857421875,134.33633422851562,-56.84909439086914,50.556148529052734,40.68952560424805,-6.747827529907227,22.920757293701172,10.426684379577637,4.128354072570801,3.7634353637695312,-2.2413973808288574,6.777897834777832,-5.929568767547607,4138.860887096775,0.07575238,897.2533191370368,962.1993899901977,2525.232507737733,0.07071677587365591,17.679510676318653,0.03419164,0.048164718,0.7098897
abiodun_approve.ogg,time_masking_heavy,heavy,-443.72491455078125,106.07073211669922,-39.068763732910156,36.32595443725586,32.40176010131836,-5.035885334014893,11.596343994140625,8.961461067199707,2.702096939086914,1.4592595100402832,-0.8079735636711121,4.633693218231201,-3.62617826461792,3725.0504032258063,0.05720069,1998.4122248970102,71.40309482887731,2256.718141559532,0.04590893817204301,14.428028993606683,0.013770584,0.04765551,0.288961
abiodun_approve.ogg,reverb_light,light,-1020.389453029705,90.40646287729356,29.02902022234356,45.40047637266764,39.843559354583256,10.847281385785896,21.24848725992409,28.454512311016035,7.6109120225066125,4.979681421421044,15.351804670131619,6.330732892941686,-1.3886598970718282,842.741935483871,0.0003834999,66.78434033143748,2.565400014793219,500.4067391426092,0.005854124663978494,19.858470528539755,0.00036772905,3.5248e-05,10.432593
abiodun_approve.ogg,reverb_heavy,heavy,-1086.4202979292465,48.757434570038996,30.562288783586144,24.562265333747092,24.174283333944782,20.75376971072908,15.725632663924214,12.75795627831313,10.462231560455878,8.17411013898553,6.249943409372541,3.8141884226433005,2.0683959485167502,391.38104838709677,0.00017051212,66.81128120536745,3.016094987693314,201.367408431145,0.000682543682795699,17.659921027865867,0.00016899941,7.4410495e-06,22.711466
abiodun_confirm.ogg,original_with_silence,none,-408.5694885253906,162.19796752929688,-46.95234298706055,23.503286361694336,33.80436706542969,-4.855199337005615,13.49539852142334,6.0699591636657715,2.460531234741211,3.5997490882873535,-5.665408611297607,1.3000257015228271,-0.9425379633903503,3870.6302966101694,0.035316452,1542.0902925019907,198.3046274083386,2083.1340838457663,0.055973031426553674,17.40129763615934,0.011318348,0.027396208,0.4131356
abiodun_confirm.ogg,silence_trimmed,none,-351.7974548339844,184.6725616455078,-74.15274810791016,22.058094024658203,36.32825469970703,-12.773216247558594,12.546201705932617,4.996360778808594,-0.13604643940925598,0.6755900382995605,-9.300739288330078,0.5162147879600525,-2.887845277786255,4084.161931818182,0.046020802,1513.1757963768796,215.56986555807293,2262.485252116123,0.07032359730113637,18.35638800869592,0.015515976,0.034854382,0.4451657
abiodun_confirm.ogg,pitch_shift_up_light,light,-370.987060546875,175.41981506347656,-74.6827621459961,26.00215721130371,30.671642303466797,-15.221964836120605,11.290446281433105,1.059866189956665,-2.181241512298584,-2.5421054363250732,-7.974637031555176,1.518172264099121,-2.5441195964813232,4316.583806818182,0.031769734,78.72560508479502,12.702752716368385,2421.738923137203,0.0823974609375,22.05205588925604,0.010741493,0.023905205,0.449337
abiodun_confirm.ogg,pitch_shift_up_heavy,heavy,-361.85308837890625,155.5231475830078,-73.2242202758789,37.85531997680664,22.20052146911621,-12.744172096252441,12.813528060913086,-3.758828639984131,-4.003068923950195,-7.456488609313965,-3.4213154315948486,4.994790554046631,4.943489074707031,4948.153409090909,0.031800408,110.10779562617135,1.9311154650867532,2733.316640693899,0.09226296164772728,22.804774175645683,0.012656368,0.02255145,0.5612219
abiodun_confirm.ogg,pitch_shift_down_light,light,-375.22576904296875,185.69638061523438,-69.15930938720703,13.444450378417969,39.997982025146484,-11.048426628112793,7.762598991394043,6.031458854675293,-0.1960073560476303,3.27758526802063,-9.075434684753418,-3.3397915363311768,-3.8872385025024414,3828.125,0.035168707,81.04617502727267,9.466677343559452,2128.0046262219453,0.06948020241477272,22.07732674028398,0.013658091,0.025060026,0.54501504
abiodun_confirm.ogg,pitch_shift_down_heavy,heavy,-390.37127685546875,201.2699432373047,-63.79644012451172,0.22123603522777557,45.15218734741211,-6.893174648284912,4.594505310058594,11.522802352905273,0.2500370442867279,7.671437740325928,-2.3800623416900635,-4.462127685546875,0.3916211426258087,3380.5042613636365,0.034041196,74.04507821774126,5.79245168920155,1872.7222603697155,0.06092788233901515,21.859881558584146,0.014212536,0.023669174,0.6004661
abiodun_confirm.ogg,time_stretch_speedup_light,light,-370.3198547363281,179.5575714111328,-72.22514343261719,20.929779052734375,36.560768127441406,-12.09401798248291,11.59449577331543,4.741062641143799,-1.260467529296875,-0.6563262939453125,-10.142244338989258,-0.7031673192977905,-3.4737446308135986,4094.53125,0.034770403,82.87413597880821,11.116015667730368,2257.8048621282846,0.07271321614583333,19.0732216433551,0.013097195,0.025729608,0.5090321
abiodun_confirm.ogg,time_stretch_speedup_heavy,heavy,-375.2863464355469,191.5766143798828,-80.23704528808594,24.280742645263672,36.73544692993164,-14.764509201049805,11.832316398620605,1.112055778503418,-1.8659809827804565,0.7215511202812195,-10.546852111816406,0.635235607624054,-3.603513717651367,4090.423886138614,0.03287143,84.7070230438716,12.763266736637728,2266.2467606407045,0.07537902227722772,19.048484882124136,0.011342621,0.02491534,0.4552465
abiodun_confirm.ogg,time_stretch_slowdown_light,light,-377.0992736816406,177.0834197998047,-71.92896270751953,18.891151428222656,35.074317932128906,-12.72367000579834,10.432856559753418,4.80763053894043,-0.31225115060806274,-0.005827812477946281,-9.890243530273438,-1.1193628311157227,-3.525298595428467,4110.231164383562,0.031151589,1534.7525847023626,207.84776587104525,2294.699568781737,0.07740261130136987,19.222555555565666,0.01240224,0.021480672,0.5773674
abiodun_confirm.ogg,time_stretch_slowdown_heavy,heavy,-380.71160888671875,175.84828186035156,-72.02411651611328,20.67285919189453,37.08083724975586,-11.715465545654297,11.643819808959961,6.022932529449463,-0.825547993183136,-1.0273281335830688,-9.500409126281738,0.17470380663871765,-2.0935065746307373,4108.29454787234,0.02998644,77.41288095875132,12.292480700337235,2281.339365372932,0.0761484998337766,19.470325239517813,0.015362877,0.017682131,0.8688363
abiodun_confirm.ogg,noise_overlay_light,light,-277.2687177783163,107.31396037560607,-27.587528356346372,5.485001502101069,28.365174349565304,-0.8616788802564107,0.9126624214309054,8.059854434047274,1.1222259982865213,-3.988837248214966,-4.305175729003195,-2.420152235429733,-2.7155980613556303,8759.410511363636,0.046138726,1514.3529272912242,214.72234588882364,4657.032854486506,0.12228855942234848,15.26244891611824,0.015602596,0.034893036,0.44715503
abiodun_confirm.ogg,noise_overlay_medium,medium,-238.50175415673692,79.36348607673457,-12.856348986795268,3.313240904574031,21.418517612809403,0.9169573408431135,-1.3758327946405495,5.767037459914117,1.5617456660504474,-4.130422343619759,-3.6866875616331036,-2.8515892892565677,-2.800823519097786,12820.134943181818,0.046660595,1751.808540802459,53.314525641951086,6248.220427355138,0.1704730409564394,14.558110407751848,0.016014181,0.0350996,0.45624968
abiodun_confirm.ogg,noise_overlay_heavy,heavy,-202.91813673693832,60.08036755332166,-4.65501509831871,3.1043619569127254,16.222102830184003,1.3021158560721413,-2.6662267186740642,3.8008262155885997,0.9183267676572502,-3.755158828797302,-3.7893085450706203,-3.2653924806608727,-2.728400411610919,15928.444602272728,0.048151333,92.92642996406923,6.310150446250259,7649.252446242813,0.22606312144886365,13.932645868826391,0.01703927,0.03567198,0.47766536
abiodun_confirm.ogg,time_masking_light,light,-369.7220764160156,179.53048706054688,-72.70268249511719,23.248756408691406,34.842350006103516,-11.62034797668457,13.745782852172852,4.166971683502197,0.044312216341495514,1.3193286657333374,-9.440642356872559,0.5204278826713562,-2.4264276027679443,4021.661931818182,0.039840937,1513.1757963768796,215.56986555807293,2241.9626173320908,0.06751228101325757,17.72610079144461,0.0127955135,0.031181497,0.41035596
abiodun_confirm.ogg,time_masking_heavy,heavy,-409.1808166503906,160.11541748046875,-54.29802703857422,10.543978691101074,25.900047302246094,-10.822722434997559,7.840671539306641,4.478923797607422,-0.744574248790741,0.9659277200698853,-5.321131229400635,-1.1442135572433472,-4.304220676422119,3310.724431818182,0.041061353,85.80128469157992,12.602275180310997,1767.5161749142087,0.04542125355113636,16.323413641077853,0.012291883,0.032212675,0.3815853
abiodun_confirm.ogg,reverb_light,light,-993.4911120912778,132.73989889486447,39.22897007861323,17.016729980119628,27.73192883094678,17.870317427859902,7.909609745553553,12.608314460727827,11.507534230651311,3.810863462512645,2.420351788727662,3.8031298448990936,5.573297533129494,691.7613636363636,0.00023439358,71.68862846154916,12.019179577626987,376.6838572852673,0.0013316761363636363,19.824702937233006,0.0002265721,2.5286558e-05,8.960144
abiodun_confirm.ogg,reverb_heavy,heavy,-1064.5460326552986,73.8650749956435,41.198136493053525,25.74187600850581,22.694255236578158,18.184109562429015,13.497416240707455,12.945224746850998,11.554756816820886,7.049140700378743,4.1365033175991295,5.133207751192131,7.935333337242758,302.9119318181818,0.00016752715,85.46019005340894,15.00805730547063,184.5465720309559,0.0,20.1632291873291,0.00016664411,8.427416e-06,19.773811
anissa_approve.wav,original_with_silence,none,-385.2880859375,85.55010986328125,47.66636657714844,30.6694393157959,11.804073333740234,10.986929893493652,-7.697203159332275,2.7655160427093506,-0.12273409962654114,5.835275173187256,-4.502163887023926,1.3139517307281494,-0.4731219410896301,8274.443401287554,0.057162832,75.84693106759293,12.090263226180516,3911.01239513544,0.07839533597103004,17.60794183749377,0.03325112,0.029590609,1.1237053
anissa_approve.wav,silence_trimmed,none,-328.81591796875,101.05924224853516,50.35005187988281,32.83149337768555,9.139867782592773,9.486383438110352,-18.333274841308594,1.2512251138687134,-3.520216226577759,6.369642734527588,-9.746007919311523,-0.9531270861625671,-3.0892724990844727,7414.950284090909,0.09714521,81.98648640365938,11.890126065180912,4086.0613764328714,0.10531338778409091,19.60324317275219,0.057241894,0.04936299,1.1596116
anissa_approve.wav,pitch_shift_up_light,light,-354.59857177734375,98.39767456054688,51.183624267578125,28.735153198242188,9.900725364685059,5.090043544769287,-15.310867309570312,1.2516474723815918,-1.8999254703521729,2.8918445110321045,-9.961389541625977,-1.5398163795471191,-2.801119804382324,7712.002840909091,0.073487945,83.45784322369546,13.509355917666985,4300.4765763646965,0.1093454071969697,22.941325234774546,0.046299156,0.03476226,1.33188
anissa_approve.wav,pitch_shift_up_heavy,heavy,-354.8495178222656,101.33346557617188,52.70719909667969,19.591543197631836,8.13435173034668,-5.884994983673096,-12.277402877807617,3.349499225616455,2.1757068634033203,-1.8532389402389526,-7.264090061187744,0.8924584984779358,-0.7763227820396423,8314.808238636364,0.0740325,98.94378526854952,15.787986948211069,4717.978044891496,0.12076822916666667,20.654071402761414,0.046737686,0.033774063,1.3838336
anissa_approve.wav,pitch_shift_down_light,light,-355.3948974609375,98.72480010986328,48.27250671386719,37.16053009033203,10.02738094329834,14.255073547363281,-16.59366798400879,1.3717981576919556,-4.980388641357422,7.28939151763916,-7.425058364868164,-1.435380458831787,-2.855696678161621,6620.561079545455,0.07962572,79.24642532637793,9.414731642255402,3745.058621143424,0.09541829427083333,23.165509717336924,0.050379798,0.036450002,1.3821617
anissa_approve.wav,pitch_shift_down_heavy,heavy,-375.6120910644531,109.30355072021484,40.26649856567383,43.732879638671875,5.660823822021484,27.52113151550293,-16.30046844482422,0.9866288900375366,-9.485267639160156,7.7496209144592285,-2.2658627033233643,-4.252249240875244,-3.847893238067627,6037.464488636364,0.061317682,74.15320814358915,6.422543561564422,3429.1310712567115,0.09034682765151515,22.65168058431037,0.03924391,0.028143406,1.3944265
anissa_approve.wav,time_stretch_speedup_light,light,-352.7196044921875,99.0457534790039,49.64527893066406,32.23963165283203,9.254345893859863,8.429624557495117,-17.86187171936035,-0.0027996699791401625,-3.7552731037139893,5.7546305656433105,-8.795493125915527,-0.7833473682403564,-2.580977201461792,7211.1328125,0.0729799,79.73779864095465,11.771293099725376,4051.506948593872,0.10270589192708333,19.635047597964668,0.047647215,0.03388853,1.4059983
anissa_approve.wav,time_stretch_speedup_heavy,heavy,-357.5854797363281,103.74812316894531,50.11197280883789,31.52815818786621,8.73096752166748,9.701233863830566,-18.231840133666992,0.9896034598350525,-4.809037208557129,4.987133502960205,-10.854632377624512,-0.17033681273460388,-2.8024532794952393,7089.959777227723,0.071628205,82.07992337756609,10.76893901910233,4015.994486125772,0.10407158879950495,19.253302215051473,0.042522654,0.036002684,1.1810968
anissa_approve.wav,time_stretch_slowdown_light,light,-358.7904052734375,97.532958984375,49.397979736328125,32.70336151123047,9.070991516113281,8.37413501739502,-17.53569793701172,1.0239412784576416,-4.21543550491333,4.290621757507324,-10.33016300201416,-1.085381031036377,-3.2298803329467773,7337.863869863014,0.06521567,80.0491581031155,11.340020970270503,4082.1583366154546,0.1033015839041096,20.013374828810406,0.043749575,0.027125854,1.6128367
anissa_approve.wav,time_stretch_slowdown_heavy,heavy,-364.59271240234375,100.33849334716797,49.71686935424805,32.96699905395508,9.324248313903809,9.574738502502441,-18.84884262084961,0.5517147779464722,-4.640564441680908,6.053796768188477,-9.711725234985352,-0.3286679983139038,-2.646580696105957,7351.770279255319,0.065962166,81.75263523302448,11.832049931309637,4078.478682337143,0.10131576213430851,20.49201149561553,0.045752354,0.024982557,1.831372
anissa_approve.wav,noise_overlay_light,light,-299.78105493570536,82.7868319510037,47.29796515444318,32.24693458802795,10.7496777767909,7.170956638551591,-14.248290785606248,-0.8736519489612861,-2.1062212262179525,4.034958947450698,-7.587162956513623,-2.157752049126526,-2.3901961115257118,11261.363636363636,0.09731884,83.38981427566173,11.270119961860491,6148.830412026657,0.16089607007575757,16.183026674450854,0.057321012,0.04946623,1.1587908
anissa_approve.wav,noise_overlay_medium,medium,-260.9378734351119,64.25457495067313,41.308021691740635,28.26612112274824,11.30617258279982,5.3413509519787805,-9.481188704188119,-1.7705585686987686,-0.9869681255208687,1.357168056214021,-6.645439313333683,-3.282640283533542,-1.5637597146847448,13729.048295454546,0.09802853,84.88822025544759,10.48155679037434,7175.185297924777,0.21131850733901514,15.232725766035797,0.057705734,0.049761165,1.159654
anissa_approve.wav,noise_overlay_heavy,heavy,-221.92140648606707,50.56404690195491,34.80486115639536,23.859037421414587,10.25226629432145,4.315456494986003,-6.461981653121996,-1.9838348602820493,-1.3380123154545212,-0.3589127705858192,-4.988494163761416,-3.2511998587511877,-1.941506666286128,15905.717329545454,0.09973852,83.52279733295994,10.699203679189106,8073.7152562645215,0.24143288352272727,14.838533818278915,0.058575217,0.050513282,1.1596003
anissa_approve.wav,time_masking_light,light,-330.86279296875,95.46781158447266,46.00796890258789,33.216217041015625,9.487548828125,9.160664558410645,-16.3487548828125,0.6468362808227539,-4.974874496459961,5.705128192901611,-8.72407341003418,-0.1944429874420166,-2.778186798095703,7594.460227272727,0.090967365,82.13624706036713,12.272582371237727,4132.058877637871,0.10454397490530302,18.50984782545945,0.048623778,0.05065395,0.95992076
anissa_approve.wav,time_masking_heavy,heavy,-370.3382263183594,80.36750030517578,35.205379486083984,25.421783447265625,8.383036613464355,6.044140338897705,-14.244297981262207,0.354092001914978,-1.8642573356628418,2.781459331512451,-6.592524528503418,-2.115595579147339,-3.6066248416900635,5503.196022727273,0.08107716,81.88552111040525,12.386722121990065,2986.1617820215397,0.059089429450757576,16.46260133134211,0.042007707,0.046918016,0.89534277
anissa_approve.wav,reverb_light,light,-985.2903967195624,108.84322815425631,76.32903484585434,48.27252718767875,28.19627667862788,13.414325714578306,4.952858708406684,4.0698320194595645,5.061693224516643,3.1243328647227266,0.8764627644003268,1.3303544411736723,2.209349275377811,907.3153409090909,0.00022250036,80.61476941816473,10.866038136709422,669.268404102423,0.007594253077651515,20.089707604810005,0.00010641856,0.00013210099,0.80558425
anissa_approve.wav,reverb_heavy,heavy,-1073.5159028533094,73.99781077762637,55.96155095845189,37.617042207198296,23.97698654000885,15.017583958016619,10.229131537810549,8.766672954329355,8.047725278091542,6.193543410431319,4.183309421935625,3.3885586155490115,3.1500635466409093,405.53977272727275,8.958234e-05,80.17566370784309,12.221110200346594,299.1446241120276,0.003236712831439394,19.768394781401756,4.7146576e-05,4.845783e-05,0.9729383
anissa_confirm.wav,original_with_silence,none,-341.28021240234375,115.99286651611328,34.3907356262207,8.690221786499023,5.2544660568237305,22.188016891479492,-4.168504238128662,5.427143096923828,2.9747402667999268,3.0273969173431396,5.804501056671143,11.297404289245605,-5.7218708992004395,4935.4488416988415,0.07900196,83.66107807877981,22.008203166842353,2612.468762426027,0.04134743001930502,19.115466683572738,0.06514257,0.02194371,2.9686215
anissa_confirm.wav,silence_trimmed,none,-230.9720001220703,131.48728942871094,25.231874465942383,1.6378493309020996,-7.323936462402344,25.87309455871582,-23.04759979248047,3.387515068054199,-4.095070838928223,-4.125507354736328,2.143390417098999,17.239625930786133,-12.563338279724121,6234.573622881356,0.162623,100.44638762904921,23.230520861443,3453.142103574006,0.07102423199152542,23.049346826673894,0.13892609,0.038574263,3.6015227
anissa_confirm.wav,pitch_shift_up_light,light,-255.78353881835938,123.80503845214844,27.396352767944336,-0.4166908860206604,-2.131807565689087,18.584199905395508,-19.646100997924805,3.1894774436950684,-2.6890649795532227,-4.667831897735596,7.656593322753906,7.7050862312316895,-14.3706636428833,6617.121292372882,0.118102424,106.19939323083982,24.47584364061471,3657.506789130912,0.06958835407838983,26.051382202424723,0.10250884,0.026669815,3.8436277
anissa_confirm.wav,pitch_shift_up_heavy,heavy,-254.34597778320312,119.09107208251953,23.108604431152344,-8.882460594177246,4.045262813568115,9.1355562210083,-19.149394989013672,8.070768356323242,-1.1144429445266724,1.8936772346496582,8.67745304107666,-10.285988807678223,-17.3353214263916,7281.1175847457625,0.11762889,119.32073483256676,26.98632131251516,4013.6704674143834,0.08297057070974577,23.458731845388815,0.10202993,0.026613632,3.8337467
anissa_confirm.wav,pitch_shift_down_light,light,-257.4219970703125,129.14743041992188,26.894851684570312,7.107314109802246,-11.313575744628906,26.909812927246094,-17.945825576782227,-2.1084887981414795,-5.660783290863037,-6.041064739227295,-3.835693359375,17.490835189819336,-4.214484691619873,6045.683262711865,0.13061452,95.55214982351431,21.749210969242725,3259.4277349379568,0.06714694782838983,25.98641863418962,0.1146232,0.027110867,4.227943
anissa_confirm.wav,pitch_shift_down_heavy,heavy,-267.3294677734375,131.80706787109375,27.724956512451172,18.123687744140625,-16.387113571166992,29.946563720703125,-10.196006774902344,-3.431314468383789,-1.1119328737258911,-2.2338991165161133,-12.473165512084961,10.993598937988281,7.649790287017822,5316.737288135593,0.12428778,88.92554705066523,17.791084853269506,2852.710786392562,0.05982272907838983,25.290632465817406,0.107187934,0.027147029,3.9484224
anissa_confirm.wav,time_stretch_speedup_light,light,-257.8070373535156,125.44214630126953,24.038930892944336,2.354506254196167,-7.2873616218566895,25.027915954589844,-19.7330265045166,2.0439035892486572,-3.2590410709381104,-4.686682224273682,1.1676571369171143,14.081302642822266,-12.35188102722168,6855.359228971963,0.106531136,100.22768673245356,22.95171414357895,3590.724926934117,0.07085554176401869,22.45194708098687,0.0890049,0.027445748,3.2429392
anissa_confirm.wav,time_stretch_speedup_heavy,heavy,-257.29901123046875,129.44261169433594,25.336305618286133,3.372858762741089,-7.370242595672607,24.980602264404297,-21.661184310913086,1.734163522720337,-4.2138261795043945,-5.829745292663574,-0.636523425579071,13.397026062011719,-12.253918647766113,6471.840659340659,0.12133929,100.53314404019852,23.207155104505837,3433.538024044139,0.0626717032967033,22.29368304117491,0.102727085,0.02891438,3.5528026
anissa_confirm.wav,time_stretch_slowdown_light,light,-262.1137390136719,126.68045043945312,27.019725799560547,3.490600109100342,-6.863739490509033,23.682933807373047,-19.809507369995117,1.1481150388717651,-3.8464527130126953,-5.046999454498291,1.8104263544082642,14.466901779174805,-11.393038749694824,6573.4136450381675,0.12765501,103.20765893542676,23.064169767157544,3481.492603874495,0.07105796755725191,23.071761429047967,0.11258377,0.024365783,4.6205688
anissa_confirm.wav,time_stretch_slowdown_heavy,heavy,-266.7460021972656,126.66980743408203,23.723905563354492,1.7808568477630615,-7.6764655113220215,26.002586364746094,-22.88777732849121,2.917489528656006,-4.205955982208252,-5.008251667022705,0.4300095736980438,16.114683151245117,-12.505599021911621,6343.889508928572,0.099484876,100.34102422389026,22.90525588793699,3572.7223630533035,0.07492501395089286,23.40091417853265,0.085531764,0.022937434,3.728916
anissa_confirm.wav,noise_overlay_light,light,-217.5114580111347,118.57954962248077,27.97166406085588,2.6635442453166696,-5.192554932154441,19.31103430825293,-15.820567003247557,-0.9962125458057645,-2.840652970504665,-4.419067400701691,4.023823961251993,13.242701129308545,-8.129781653206958,7523.0402542372885,0.16264398,100.43944336482936,23.223529205626033,3958.0930062064394,0.07510013903601695,18.998094854207277,0.13893126,0.038576476,3.6014502
anissa_confirm.wav,noise_overlay_medium,medium,-197.71433818040535,100.99426446443734,30.02582564911721,4.723956890078083,-2.797199097830696,12.90570585281076,-9.73757534605632,-4.292275610884458,-2.4961165951084907,-3.475852096355352,4.693369202178105,9.54267090720389,-4.521885606087368,9911.67902542373,0.16274625,100.8975606399851,23.477090212121627,4755.385526963917,0.08382713188559322,18.131557190805857,0.13896672,0.03862819,3.5975468
anissa_confirm.wav,noise_overlay_heavy,heavy,-174.78483484711344,83.65945013506209,29.708711351217488,6.663012154198395,-1.3410188223765063,8.067927965228277,-6.270512494153258,-5.391700152867743,-2.1053275945799514,-2.7802370194007557,4.38839942247762,7.135419303283407,-3.14985627078913,13127.979343220339,0.1632117,100.62701483223205,23.244695563336997,5789.871847657773,0.10032110699152542,17.193529379420724,0.13926357,0.038861148,3.5836196
anissa_confirm.wav,time_masking_light,light,-239.0860137939453,127.77096557617188,23.005657196044922,1.5686064958572388,-6.841472148895264,25.6334228515625,-21.71811866760254,2.9002788066864014,-5.047482013702393,-3.5824310779571533,1.2388322353363037,16.767799377441406,-12.146024703979492,6449.880826271186,0.14548108,99.9446639695254,23.53163239946164,3501.1651110595817,0.0692035222457627,22.111788640369284,0.117418215,0.042281643,2.7770495
anissa_confirm.wav,time_masking_heavy,heavy,-301.5922546386719,106.72592163085938,17.423940658569336,3.7892117500305176,-2.7995755672454834,17.225391387939453,-15.851927757263184,1.2332326173782349,-1.683885097503662,-2.552198648452759,0.6380334496498108,11.904645919799805,-10.20175552368164,4952.860169491525,0.122760564,102.6479424139464,22.776714578257607,2604.2263686027613,0.04216598252118644,19.070845196654517,0.09509766,0.03990415,2.383152
anissa_confirm.wav,reverb_light,light,-973.3239739353386,170.70844546466805,75.37705815614626,21.017894036036992,11.86994131072763,14.48736189424402,8.41280421498912,0.6307830166265661,-0.011534752372272668,3.1568364137716878,8.952042799549853,11.757972964370444,4.8031113522440565,807.9978813559322,0.00024287832,98.245505395572,24.07326455260852,555.3222378850011,0.010638738082627119,23.066709161910367,0.00020784602,5.7930727e-05,3.5878313
anissa_confirm.wav,reverb_heavy,heavy,-1057.6244573604488,86.54454770573702,52.16475176541362,28.1375822273397,17.274759608959837,10.632878333402353,5.709764030147083,4.2643135647891945,5.282397007503654,7.074045715156793,9.408774966400243,9.355387266845861,4.34095955256731,740.0688559322034,5.7544406e-05,95.21762982709153,22.431305615631697,469.55267629941903,0.006446967690677966,21.352945191305512,4.4020624e-05,1.8318002e-05,2.4031215
gauis_approve.wav,original_with_silence,none,-594.5226440429688,127.39968872070312,53.68728256225586,33.75755310058594,7.016905784606934,19.62723731994629,1.719868540763855,8.084233283996582,8.295132637023926,13.291132926940918,4.183404922485352,9.279431343078613,3.6658871173858643,2388.9307228915663,0.008125754,66.33184097243375,2.7438016585282123,1638.525351696189,0.02172753514056225,14.707486366480353,0.004909637,0.0040898835,1.2004344
gauis_approve.wav,silence_trimmed,none,-578.3560180664062,138.30294799804688,57.53737258911133,36.11880111694336,7.2479095458984375,21.055936813354492,1.6172099113464355,8.537014961242676,8.746783256530762,14.211413383483887,4.337783336639404,9.932260513305664,3.8864917755126953,2376.1940502183406,0.008805916,66.33184097243374,2.7438016585282132,1654.3855181875174,0.022746656659388645,15.020585330989428,0.0053170184,0.00443366,1.1992391
gauis_approve.wav,pitch_shift_up_light,light,-606.1790161132812,132.69993591308594,57.11551284790039,35.35868453979492,8.503924369812012,19.252103805541992,2.818296432495117,11.352179527282715,11.85506820678711,13.280885696411133,4.046281337738037,10.573163986206055,1.0617625713348389,2464.9290393013102,0.006655646,67.61361656287552,6.184963201917809,1714.7219034750856,0.025616641648471616,19.512982244737927,0.0044925394,0.002948681,1.523576
gauis_approve.wav,pitch_shift_up_heavy,heavy,-607.106689453125,143.25082397460938,57.84925079345703,26.367280960083008,8.840270042419434,16.7762508392334,0.6302794218063354,13.062817573547363,11.829211235046387,10.045615196228027,2.4880759716033936,7.341594219207764,-3.468045234680176,3071.2336244541484,0.006016991,65.95059643028756,2.554746522936946,1978.6588839900005,0.0311497850709607,18.819342281839116,0.0033307937,0.0032694198,1.0187721
gauis_approve.wav,pitch_shift_down_light,light,-612.1798706054688,131.843017578125,55.764915466308594,40.416748046875,8.57932186126709,21.33331871032715,3.2116832733154297,6.687976360321045,7.934506416320801,13.984663009643555,5.543365478515625,9.400656700134277,7.416846752166748,2220.728711790393,0.0065341727,66.83798830098694,4.197656915839653,1548.9194853893405,0.022160292712882095,19.924960703837982,0.0042548366,0.0030003008,1.4181366
gauis_approve.wav,pitch_shift_down_heavy,heavy,-635.47314453125,138.24354553222656,52.07089614868164,44.85165786743164,6.47263765335083,26.48199462890625,4.871737003326416,4.151049613952637,2.6868770122528076,9.29119873046875,8.31755256652832,2.9198808670043945,11.658425331115723,2292.474072052402,0.005412618,66.50562699601255,3.266946205011227,1493.854161490684,0.021772226391921397,19.55463295490325,0.0031698262,0.0027497923,1.1527512
gauis_approve.wav,time_stretch_speedup_light,light,-610.0975952148438,133.12911987304688,55.76322937011719,37.078147888183594,7.956667423248291,21.3968505859375,2.5141940116882324,8.70998477935791,8.311400413513184,12.080568313598633,2.6925745010375977,8.96249008178711,3.3099522590637207,2512.0943509615386,0.0058610286,70.11278377284388,7.790787760489806,1758.980115306983,0.026888333834134616,15.312868444397441,0.0034628648,0.0029534204,1.172493
gauis_approve.wav,time_stretch_speedup_heavy,heavy,-606.4849243164062,129.02532958984375,55.23440170288086,38.09312057495117,7.65920877456665,19.032100677490234,2.221343755722046,8.09077262878418,9.69938850402832,13.051344871520996,4.066936016082764,9.664432525634766,3.4303641319274902,2558.416193181818,0.005786104,67.43648753522298,4.742834120556273,1776.5728904740631,0.026408802379261364,15.228369801399554,0.003574399,0.0028248602,1.2653366
gauis_approve.wav,time_stretch_slowdown_light,light,-609.3905029296875,129.29299926757812,56.11320495605469,38.25367736816406,8.202506065368652,19.567720413208008,2.128966808319092,8.435491561889648,10.259217262268066,13.503890991210938,3.8660919666290283,9.494888305664062,3.1326892375946045,2463.7979822834645,0.0061881747,68.22743793213489,5.716697840162557,1712.847236890811,0.02600962721456693,15.601582944071376,0.003947669,0.002835491,1.3922348
gauis_approve.wav,time_stretch_slowdown_heavy,heavy,-605.932861328125,126.7057876586914,56.1124382019043,38.27871322631836,8.410840034484863,18.25963592529297,2.0682053565979004,7.8868842124938965,10.333353042602539,13.167819023132324,5.018626689910889,10.204330444335938,3.637446403503418,2440.663343558282,0.0064182873,67.69665403477747,4.780365384347539,1687.6020706246265,0.024628247220092023,16.007901969106573,0.004448084,0.0026814481,1.6588366
gauis_approve.wav,noise_overlay_light,light,-399.4774252993913,40.93380442323352,29.755636699753772,26.730893456566,16.200446702608282,14.854928110998847,9.856928795679714,7.080527457152991,10.861628697919652,8.094181041598588,5.7871883100539,6.113920256860636,4.025994473681592,18031.215884279474,0.009188223,67.51708105351094,2.9957425906643156,8926.701475373595,0.1653567651473799,12.332449931161477,0.005440301,0.004847116,1.122379
gauis_approve.wav,noise_overlay_medium,medium,-330.59641740694934,22.83907306204057,20.533999882307587,18.383346089993527,12.108220399689463,11.476399534828099,8.484463076569446,6.255182085593953,8.274458024990132,6.3193068217293025,4.943248919959405,5.727502835037857,4.542407627950965,19349.754366812227,0.010780669,68.05246648073796,3.1524539927454125,10368.25814317333,0.30509902087882096,11.918441884872584,0.0060490994,0.005931817,1.0197717
gauis_approve.wav,noise_overlay_heavy,heavy,-272.73403862737587,12.569072051479827,13.961803139091451,13.469339677677175,8.97239869679127,7.909382568884546,5.800293532254004,4.4362026209397145,6.169824881553893,5.085067273173465,4.133583427371645,4.378562489669168,3.5951090990573946,19907.85343886463,0.014462625,70.33890045991798,2.9942227625193842,11078.941150676446,0.39358667098799127,11.91614337395744,0.007565972,0.007997845,0.9460013
gauis_approve.wav,time_masking_light,light,-590.7109985351562,135.26644897460938,56.31565856933594,32.61819839477539,5.731104373931885,19.51973533630371,2.8888442516326904,8.908600807189941,7.829635143280029,14.077529907226562,5.0011210441589355,9.139163970947266,4.638329982757568,2435.350709606987,0.008054671,66.43500473653377,2.841308077790542,1651.9697938488875,0.0222690365720524,14.318881651931571,0.0046183015,0.0041854796,1.1034104
gauis_approve.wav,time_masking_heavy,heavy,-626.6077270507812,98.74800109863281,40.24789810180664,27.052120208740234,5.8333539962768555,16.137279510498047,1.2833675146102905,4.82581901550293,6.109597682952881,9.670829772949219,3.119555950164795,6.905124187469482,1.8782434463500977,2052.879366812227,0.006861096,66.15685902381522,2.243201489114497,1326.6441946650625,0.0182625716430131,13.364995348427197,0.0030710255,0.00442938,0.69333076
gauis_approve.wav,reverb_light,light,-1024.2886269305343,51.28816014507797,44.361473042080675,37.4201843695723,30.6059561992418,25.21608093891709,21.117190676444324,18.268372048599417,16.56110868081683,14.997298147058682,13.369533922211723,11.870341088476346,10.487484795805205,136.94050218340612,0.0005975662,65.52433505854148,0.4614391689873693,83.13791533193458,0.00032409934497816594,18.573010160683847,0.0005957854,9.757641e-06,61.057716
gauis_approve.wav,reverb_heavy,heavy,-1100.3412935345455,39.23098263810336,34.822569819455474,30.749761605954077,26.710735769355367,23.36562312628313,20.863114522120224,19.044715579851704,17.50390766019107,15.977866920855652,14.382440369313992,12.896153339251212,11.737964885101324,120.36026200873363,0.00033610448,0.0,0.0,75.30418243968916,0.00011087609170305677,18.566203433406514,0.0003356708,3.027199e-06,110.88129
gauis_confirm.wav,original_with_silence,none,-548.4783325195312,134.75167846679688,35.63888168334961,33.983455657958984,8.764544486999512,18.6954402923584,-5.753909587860107,10.005364418029785,9.608030319213867,7.639023303985596,-0.36972886323928833,10.277960777282715,3.482050657272339,2772.256097560976,0.011484379,65.88102733451503,2.1235693087348464,1687.785923990349,0.02215844131097561,15.339364578819046,0.0075322995,0.0054477174,1.3826524
gauis_confirm.wav,silence_trimmed,none,-506.66253662109375,152.83250427246094,33.0367317199707,37.38444519042969,8.602871894836426,21.162147521972656,-8.069917678833008,10.197612762451172,10.944839477539062,7.478077411651611,-2.1600024700164795,11.217738151550293,2.6960458755493164,3007.5743140243903,0.013784714,65.90362904924673,2.1709556647985773,1741.0679459330304,0.026286799733231708,15.994154529737802,0.008877711,0.0067323525,1.3186641
gauis_confirm.wav,pitch_shift_up_light,light,-535.1013793945312,146.7452392578125,33.30002212524414,36.84385681152344,9.246284484863281,17.90961265563965,-8.478944778442383,12.363946914672852,10.007153511047363,4.839173793792725,-0.6215786933898926,12.663426399230957,-0.7406193614006042,3293.6833079268295,0.009537398,67.5708297848122,3.7003096153091346,1859.3487576346308,0.032524294969512195,20.380417100328867,0.0066247117,0.004142588,1.5991722
gauis_confirm.wav,pitch_shift_up_heavy,heavy,-524.2025756835938,144.916259765625,34.79274368286133,31.304718017578125,8.642531394958496,11.326587677001953,-4.874547958374023,18.857139587402344,9.71703052520752,1.8921277523040771,5.967321872711182,10.206521987915039,-2.38966703414917,3535.346798780488,0.01055331,66.0257018981609,1.3775090216368562,2019.674270691809,0.034093345083841466,19.617524917375686,0.0076331785,0.004495183,1.6980796
gauis_confirm.wav,pitch_shift_down_light,light,-540.8214111328125,147.37786865234375,31.41789436340332,39.68586730957031,8.588520050048828,22.452838897705078,-6.239596366882324,6.164234638214111,11.421544075012207,9.65993881225586,-2.5359408855438232,7.223862171173096,4.833320617675781,2931.259527439024,0.0091269305,65.67006822602015,1.4990815615100448,1685.574736076197,0.026754239710365852,20.673502637311636,0.0060452237,0.004279511,1.4125968
gauis_confirm.wav,pitch_shift_down_heavy,heavy,-548.6659545898438,145.5692596435547,29.508390426635742,44.2163200378418,10.480629920959473,25.773277282714844,-0.14395365118980408,-0.5416072010993958,9.566905975341797,12.40046501159668,2.212239980697632,0.7228623628616333,9.05435562133789,2490.3772865853657,0.010288284,65.80435719234745,2.1570339926043802,1490.1268844521944,0.023904939977134148,20.643163966640454,0.0072132754,0.004306634,1.6749219
gauis_confirm.wav,time_stretch_speedup_light,light,-540.2340698242188,149.25186157226562,30.557580947875977,37.95808029174805,6.953432083129883,20.132064819335938,-9.246611595153809,9.439743041992188,11.150137901306152,7.893777370452881,-2.5020716190338135,11.008271217346191,1.779350996017456,3154.3099832214766,0.0085256295,65.4576502200387,0.22451347977262792,1824.4441963649354,0.03155148909395973,16.42501939864335,0.0054476317,0.0041444176,1.3144505
gauis_confirm.wav,time_stretch_speedup_heavy,heavy,-538.6288452148438,149.71852111816406,32.06342315673828,38.65797805786133,7.261083602905273,20.93653106689453,-8.950923919677734,9.837841987609863,10.609867095947266,7.459049224853516,-2.2346792221069336,10.819123268127441,2.4150209426879883,3149.1815476190477,0.008996237,65.98360602405259,2.9432290132386507,1805.9645833083391,0.03042844742063492,16.201938886555997,0.005661302,0.0044255448,1.2792327
gauis_confirm.wav,time_stretch_slowdown_light,light,-533.66455078125,143.32786560058594,33.365867614746094,39.670867919921875,10.371469497680664,18.977724075317383,-6.485029697418213,9.355081558227539,12.270366668701172,6.75111198425293,-1.871078610420227,11.515799522399902,3.317629337310791,2977.2063873626375,0.010476689,66.33057936469335,2.700803074275989,1749.039586364142,0.029098343063186812,16.74266346674576,0.007398646,0.004525374,1.6349247
gauis_confirm.wav,time_stretch_slowdown_heavy,heavy,-538.9295654296875,145.7229766845703,33.0361328125,38.73131561279297,9.368305206298828,19.788503646850586,-7.628871440887451,9.91514778137207,12.051905632019043,6.965207576751709,-2.4134600162506104,11.477950096130371,3.2888472080230713,2951.3143776824036,0.009945283,65.49640305311462,0.31470777040049874,1735.9978891691896,0.028586457215665235,17.137007012812006,0.0072477004,0.003968105,1.826489
gauis_confirm.wav,noise_overlay_light,light,-370.5684199891409,63.64180808739968,29.109453628177086,25.5540810275415,18.596362764409744,12.665488951347603,4.556126390887787,4.919718675421593,11.012556361670061,5.257706562718857,1.6442729339500515,6.377798051181524,5.115097992240674,16158.870045731708,0.014034706,65.4204244870166,0.07155536619696497,7346.060453378848,0.11300435880335366,12.930703907461082,0.0089703,0.0069913073,1.2830647
gauis_confirm.wav,noise_overlay_medium,medium,-312.05151017113735,40.73592961016831,23.957927079044776,20.44327005882902,15.72864176378807,10.032238164832156,5.005890084161676,4.66999161872185,8.268630773389484,4.736589125378223,2.522077055484037,4.817888312961459,4.5976121392252605,18724.418826219513,0.015129668,65.40639132514966,0.0,9206.479300799536,0.21875595464939024,12.398251834857458,0.009394172,0.007722041,1.21654
gauis_confirm.wav,noise_overlay_heavy,heavy,-261.1303626121999,25.136085415234426,18.41409416785443,15.465368058457976,12.811450527194305,9.121589478581127,4.908050022707346,4.012487048814306,5.7136544485090885,3.938200133816318,2.2700874496919146,3.2033468322320955,3.913068986858298,19671.493902439026,0.018074641,65.46067601510443,0.19572623310458367,10395.200261367785,0.31369688452743905,12.090778140846027,0.010615364,0.009354161,1.134828
gauis_confirm.wav,time_masking_light,light,-519.760498046875,148.90475463867188,34.0214729309082,35.23788070678711,8.775752067565918,19.545236587524414,-6.911050319671631,9.907133102416992,9.755548477172852,7.440689563751221,-1.8355854749679565,10.053817749023438,3.3171744346618652,2880.5259146341464,0.013296895,65.90362904924673,2.1709556647985773,1651.1896332934791,0.019430020960365852,15.48202377441445,0.008249982,0.0067202575,1.227629
gauis_confirm.wav,time_masking_heavy,heavy,-530.7552490234375,127.53125,18.27072525024414,31.934783935546875,7.068374156951904,18.491788864135742,-8.677021026611328,7.154555797576904,8.632953643798828,4.405229568481445,-4.205808639526367,9.737326622009277,1.4955188035964966,3104.7541920731705,0.012651991,65.76641858475568,1.708417073063992,1641.74291368261,0.025027391387195123,14.919328750896174,0.007679881,0.0066865045,1.1485645
gauis_confirm.wav,reverb_light,light,-1015.4899698954297,75.84453077547023,59.87335014298352,45.06349481901883,33.43948034904142,24.343264921726675,17.240136765105902,13.295805715856806,12.102763677241695,11.341739979252688,9.784175355279219,8.711820652092863,9.222648048308676,221.0842225609756,0.0006904712,65.56095293667967,0.8743325089919447,134.77825277178462,0.0005329411204268293,18.9481451435384,0.00068809465,1.378261e-05,49.92448
gauis_confirm.wav,reverb_heavy,heavy,-1090.8095619536002,49.655681833287495,42.3058197889461,36.706165035987624,31.696518199953736,26.53185976042085,21.250760760627845,17.082098943330145,14.490559974020625,12.729682822574201,11.242548709617822,10.443178258814685,10.457306993566926,167.4923780487805,0.0003383532,65.40639132514966,0.0,97.414426743506,0.00015482088414634147,19.142074933722405,0.00033752708,4.1590188e-06,81.1535
nicolas_approve.wav,original_with_silence,none,-860.4393310546875,46.58329772949219,-1.572912573814392,8.310993194580078,3.4399375915527344,-0.14573170244693756,6.150102138519287,-0.4156964123249054,0.5056523084640503,2.0991475582122803,-2.3805413246154785,0.7970896363258362,-1.0009524822235107,6141.816737288135,0.00045923368,77.75136463788714,10.967085047081811,3068.8048787362677,0.02975678155266344,14.892686981275292,0.00030491524,0.00019562493,1.558672
nicolas_approve.wav,silence_trimmed,none,-839.393798828125,60.000457763671875,-1.3882687091827393,12.638556480407715,5.0506205558776855,-0.19648732244968414,7.620797634124756,-1.1173303127288818,0.9926699995994568,3.3231287002563477,-2.8478505611419678,1.184659719467163,-1.549743890762329,7498.606861888112,0.0006532198,77.767905052689,11.095662592116858,3807.4692496414855,0.03842227108828671,14.876875757301956,0.00044641783,0.0002663539,1.6760322
nicolas_approve.wav,pitch_shift_up_light,light,-881.819580078125,61.717567443847656,-2.9393467903137207,14.090323448181152,4.129050254821777,0.03632530942559242,6.891170501708984,-2.697058916091919,1.685505747795105,1.8043193817138672,-3.6229209899902344,0.983613133430481,-3.643272876739502,8588.450611888113,0.00048016815,84.2743475752575,16.401582855107655,4420.306193861109,0.11341100305944056,18.101829708419,0.00037893592,0.00015191549,2.4943845
nicolas_approve.wav,pitch_shift_up_heavy,heavy,-886.8400268554688,61.20789337158203,-4.393658638000488,14.662433624267578,0.8825960755348206,2.470332622528076,5.862741947174072,-3.744765043258667,3.0280518531799316,-2.3521695137023926,-3.1253631114959717,-0.2551148533821106,-6.369032859802246,8773.164335664336,0.00044768455,82.85477323833402,17.739634199822756,4636.381227091334,0.12104765351835664,18.096495921686174,0.0003272471,0.00015709786,2.0830767
nicolas_approve.wav,pitch_shift_down_light,light,-903.744873046875,70.43695068359375,-4.32920503616333,15.190530776977539,8.240230560302734,-0.18776057660579681,8.761942863464355,0.9646928906440735,-0.7109545469284058,6.33720588684082,-1.7930583953857422,1.8723490238189697,0.7592524886131287,8275.158435314685,0.00044432344,72.57897820613995,7.950963100925754,4236.955916931493,0.10348489401223776,19.070254728703038,0.00032341856,0.00016224799,1.9933581
nicolas_approve.wav,pitch_shift_down_heavy,heavy,-883.8310546875,65.90156555175781,-0.22541819512844086,11.156723976135254,9.912446022033691,-1.1320911645889282,7.17932653427124,3.7446866035461426,-1.8977031707763672,4.561395168304443,0.23510773479938507,-1.373823881149292,3.7163641452789307,7323.645104895105,0.00041144958,69.5452895123339,5.173322276357777,3789.203849522434,0.09580556162587413,18.99245433208664,0.00027329224,0.00016660437,1.6403656
nicolas_approve.wav,time_stretch_speedup_light,light,-902.834228515625,69.49079132080078,-5.203672885894775,14.993571281433105,5.731661319732666,-0.3788902759552002,8.248666763305664,-1.767527461051941,-0.25694358348846436,3.96767520904541,-3.7797558307647705,1.6678801774978638,-1.7158942222595215,8569.921875,0.0004125766,84.25003626892618,15.702487716432893,4332.832847498224,0.11144643930288461,14.89181484833732,0.00027923033,0.00017861552,1.563303
nicolas_approve.wav,time_stretch_speedup_heavy,heavy,-867.3666381835938,60.23220443725586,-0.938482940196991,12.282228469848633,5.2525835037231445,0.3538682460784912,7.561279296875,-1.4227696657180786,0.8992107510566711,3.5101406574249268,-2.4041097164154053,1.8825139999389648,-1.1649202108383179,8770.41903409091,0.00045031492,76.68755873631602,11.148507334018795,4436.308780085491,0.11354314630681818,15.441011865963288,0.0002910489,0.0002021981,1.4394237
nicolas_approve.wav,time_stretch_slowdown_light,light,-886.7081298828125,62.64860916137695,-3.8145382404327393,12.873054504394531,5.084342956542969,-0.5541273951530457,7.808328151702881,-1.4878934621810913,0.6612348556518555,3.537126302719116,-3.525517225265503,1.2231459617614746,-1.302870750427246,8486.88880126183,0.00042055504,75.54517797781352,11.84162641080368,4287.089221777864,0.11063960222791798,15.326217998092478,0.00031187426,0.00014757586,2.1133134
nicolas_approve.wav,time_stretch_slowdown_heavy,heavy,-883.6461181640625,62.18010711669922,-2.379918336868286,13.433109283447266,5.202449321746826,-0.4516805112361908,7.857891082763672,-1.4969847202301025,0.6164438128471375,3.476628541946411,-3.205373764038086,1.22915780544281,-1.8053311109542847,8437.04044117647,0.0004604935,75.78283630811087,12.077812377848135,4247.466325880833,0.11074170879289216,15.645098309683334,0.00035419874,0.00013921224,2.5443056
nicolas_approve.wav,noise_overlay_light,light,-441.93377837806696,0.5032114736178405,3.770272916962238,4.373710312827745,2.624692197211291,1.5747178970414488,1.4401110440745157,0.026157975093195635,-0.23513627389947675,0.16838988115779654,-1.0715091706931532,-0.6446986414525705,-0.3643641518261217,20248.524912587414,0.002306347,75.88536822806505,9.939630663393322,11657.64670374191,0.45438155594405594,11.704944320020047,0.0012783101,0.0011109683,1.1506269
nicolas_approve.wav,noise_overlay_medium,medium,-355.3276889177211,-2.757758394675498,2.1200382520677024,2.5197541679537,1.5222247286911463,0.9012581142502545,0.39055657897651747,0.2877774806153068,0.15637154132329978,0.24359128555399026,0.011174420061334926,-0.22269306445420606,-0.6012222244727993,20369.154283216783,0.0051555573,78.72332355082192,11.608268820930435,11884.735828367524,0.48304844569493005,11.407664707557501,0.002687482,0.0025754285,1.0435086
nicolas_approve.wav,noise_overlay_heavy,heavy,-288.6038117380354,-3.992098136918084,0.8416501045594165,1.7476350291162002,1.4328581347853548,0.9019111588706635,0.32646358406824116,0.1803180002380747,0.12765013858792784,-0.05399377442362112,-0.3970774021413758,-0.7295550579697585,-0.3581466985457776,20380.21743881119,0.01004228,72.6665402725513,6.610370007949867,11938.465932622164,0.49224042559003495,11.260926339918015,0.005116609,0.005084062,1.0064018
nicolas_approve.wav,time_masking_light,light,-839.4696044921875,59.90629196166992,-1.4598318338394165,12.58167839050293,5.006321907043457,-0.22927451133728027,7.592003345489502,-1.1449064016342163,0.9668945074081421,3.296544313430786,-2.8726565837860107,1.1686327457427979,-1.5555790662765503,7194.493006993007,0.00065300893,77.767905052689,11.095662592116858,3672.0756684280746,0.03842227108828671,14.907708671741952,0.00044624502,0.00026629432,1.6757581
nicolas_approve.wav,time_masking_heavy,heavy,-925.25,51.86274719238281,-4.111792087554932,10.293754577636719,1.7728142738342285,-0.9451321959495544,7.142698287963867,0.7224155068397522,0.23167553544044495,3.837925672531128,-1.738720178604126,0.8293230533599854,-0.09513337165117264,6333.451704545455,0.00033652628,78.33055935724964,11.28872811188405,3225.2618135234293,0.030819766171328672,13.268788150576148,0.00018996545,0.000177844,1.0681571
nicolas_approve.wav,reverb_light,light,-1121.3185679039668,12.416676560735278,10.890615437260214,9.773029698846578,8.35380704459425,6.952359309921511,5.619414896670389,4.4610915507264455,3.4753313122502543,2.659554498608603,1.9835191339062617,1.4426067355440022,1.0399457407922583,1157.2060751748252,2.5071382e-05,70.86987095672275,8.913658248829172,651.4916376382515,0.008804427993881118,16.848862295748408,2.4838062e-05,5.904636e-07,42.05823
nicolas_approve.wav,reverb_heavy,heavy,-1124.9646784015708,8.414965784754184,7.472737039473869,6.91326779757567,6.292962269513014,5.587557517007284,4.884040716763671,4.2190919478821085,3.609630765983865,3.0712274478762907,2.6278652338117654,2.2615668024207083,1.9931998055593054,1005.6818181818181,1.566431e-05,70.10274881190901,8.984943876845353,481.22027205603905,0.00682740111451049,17.12776705895788,1.5565101e-05,2.1724657e-07,71.614204
nicolas_confirm.wav,original_with_silence,none,-894.7530517578125,59.493690490722656,-0.9289453625679016,3.776089668273926,4.547082424163818,0.09471952170133591,5.491086959838867,2.4803528785705566,-1.0988672971725464,0.21946507692337036,-2.5835776329040527,0.6028102040290833,0.4347180724143982,4775.817466887417,0.00058833265,73.18973838206703,12.019842557531373,2369.0494892171646,0.014859702676600441,13.63978969977049,0.00036655724,0.00030542852,1.2001405
nicolas_confirm.wav,silence_trimmed,none,-679.7022705078125,198.43289184570312,-14.22414493560791,5.27676248550415,11.81479263305664,-2.71278977394104,14.827427864074707,5.35690450668335,-5.507319450378418,-1.0020148754119873,-11.269835472106934,1.8432272672653198,0.7567843794822693,2819.045608108108,0.0023354585,80.44853303645738,14.445290820069381,1742.478835449583,0.03940561655405406,18.482562920413386,0.0016747887,0.0010048251,1.6667463
nicolas_confirm.wav,pitch_shift_up_light,light,-702.7191162109375,196.86927795410156,-18.001680374145508,8.523577690124512,10.746950149536133,-2.661280632019043,16.337360382080078,0.609632134437561,-4.051177501678467,-2.126483201980591,-9.23774242401123,4.998547077178955,-2.122673511505127,2874.5777027027025,0.0018210397,79.0861875422567,12.587984385657961,1680.6298377967216,0.03823550112612613,22.388587065527524,0.0014354538,0.00064305135,2.2322533
nicolas_confirm.wav,pitch_shift_up_heavy,heavy,-698.3632202148438,191.8020477294922,-28.682790756225586,10.848796844482422,4.704561233520508,-0.03168223053216934,15.241297721862793,-9.102380752563477,-6.031937122344971,-7.200120449066162,-6.103995323181152,3.749551773071289,-10.22303581237793,3251.266891891892,0.001625634,78.67998988642462,15.874063681183799,1893.2561390667604,0.04545854448198198,22.44263562457022,0.0011651746,0.000701122,1.6618712
nicolas_confirm.wav,pitch_shift_down_light,light,-708.5223999023438,202.68540954589844,-9.484162330627441,6.271658897399902,14.711862564086914,-3.403083086013794,15.01431941986084,9.213380813598633,-3.944446563720703,3.171008586883545,-9.8614501953125,-1.6317957639694214,5.806928634643555,2553.6317567567567,0.001983406,77.0191937989769,12.259069481217859,1517.8151687779769,0.0360888231981982,24.204459962946874,0.0015315393,0.0007020569,2.1815026
nicolas_confirm.wav,pitch_shift_down_heavy,heavy,-717.9591064453125,204.36605834960938,-0.12315952777862549,2.464514970779419,17.150880813598633,-4.8339152336120605,9.938596725463867,15.420153617858887,-0.912926197052002,5.107857704162598,-3.5307111740112305,-8.702272415161133,4.514787197113037,2290.962837837838,0.0016850417,72.43657198649608,7.856788108583565,1366.1435597996813,0.030238246058558557,22.836674065784592,0.0011358286,0.0007409897,1.5328531
nicolas_confirm.wav,time_stretch_speedup_light,light,-705.084228515625,199.43112182617188,-15.347308158874512,5.7933783531188965,11.81417179107666,-4.0503339767456055,16.31181526184082,3.6060357093811035,-5.910358905792236,-0.1787366271018982,-8.926115036010742,4.0362935066223145,3.0281925201416016,2762.8403465346537,0.0018168401,75.55846213923323,10.620887787776248,1659.8796172957277,0.03604579207920792,18.58357772811968,0.0013642423,0.0007079514,1.927028
nicolas_confirm.wav,time_stretch_speedup_heavy,heavy,-702.8366088867188,201.48374938964844,-15.940611839294434,7.5153045654296875,12.445655822753906,-5.104855537414551,15.764018058776855,2.723703384399414,-6.220851898193359,-0.7141321301460266,-10.793292999267578,2.3527886867523193,1.7090961933135986,2789.3382352941176,0.0017496815,76.74781623804773,11.307320632077783,1665.260800681758,0.03625344669117647,18.54172747929602,0.0012509661,0.0007321264,1.7086748
nicolas_confirm.wav,time_stretch_slowdown_light,light,-707.189453125,197.98147583007812,-12.460553169250488,6.63292932510376,14.16706657409668,-2.7021572589874268,16.17217445373535,4.64700984954834,-5.06223726272583,-1.498280644416809,-11.093798637390137,1.313407063484192,0.9688304662704468,2732.0884146341464,0.0018508527,75.68088887688212,10.393423046202997,1643.0984730577918,0.0376929306402439,19.20152384020426,0.0014088043,0.000678645,2.0759072
nicolas_confirm.wav,time_stretch_slowdown_heavy,heavy,-709.8271484375,196.4618377685547,-13.165986061096191,4.956407070159912,11.587160110473633,-3.964073896408081,15.346596717834473,4.088821887969971,-4.509260177612305,-0.6774705052375793,-10.7939453125,1.043461799621582,1.3227102756500244,2846.4695411392404,0.0016839859,87.88466581498616,15.047619384275079,1729.1115020120774,0.03917684434335443,19.21945210990702,0.0012766583,0.00061052165,2.0910938
nicolas_confirm.wav,noise_overlay_light,light,-420.02766997564794,26.63749524848072,16.889274070543724,7.793196215339554,4.156109878638233,3.3036115966054065,3.9074006415709666,3.299630578837206,1.1986331247424955,-0.8373992616734023,-1.472450814382742,-0.9433335912837206,-0.7902414479913841,19838.048986486487,0.0032109797,79.93067361323058,13.27166802319238,10590.599408742466,0.33091392173423423,13.169349890656015,0.002086527,0.0014905465,1.3998401
nicolas_confirm.wav,noise_overlay_medium,medium,-345.35477597622133,10.451519182814739,10.090709220209918,6.0072738550105775,4.139506336124468,2.955188101429952,2.4495437427402735,1.8847730914943155,0.7957802234784145,0.5989187552762419,-0.18074494097370275,0.09072841910098786,-0.3077508141069673,20212.204391891893,0.005614898,81.60580459229578,12.860750299504604,11499.551798010189,0.4329778997747748,12.409440260272131,0.0031878122,0.0027438027,1.1618227
nicolas_confirm.wav,noise_overlay_heavy,heavy,-283.19109802115315,2.7646806728161546,5.688660225085333,4.243637478622047,2.8396096332316954,2.209720566575577,2.5405701708402453,1.9171673934183846,0.6497157174758361,-0.4841649329254535,-0.12157828226324814,-0.867648131156642,-0.8537607949786356,20360.008445945947,0.010322376,78.37912799149927,10.171796007283433,11799.999798164179,0.47509765625,11.806131723061897,0.0054087406,0.0051829414,1.0435659
nicolas_confirm.wav,time_masking_light,light,-687.4236450195312,192.1282501220703,-12.192628860473633,4.6156415939331055,10.778152465820312,-1.852565050125122,14.047645568847656,5.722451210021973,-3.717428684234619,-0.5795717239379883,-10.739039421081543,1.742473840713501,1.2021859884262085,2928.8429054054054,0.0022621185,80.4893987932439,14.583352591087083,1798.9331143061004,0.036203195382882886,17.797041659524012,0.0015399542,0.001030746,1.4940189
nicolas_confirm.wav,time_masking_heavy,heavy,-732.9375,159.16075134277344,-4.926268577575684,8.221843719482422,11.695272445678711,-0.620272159576416,10.800573348999023,4.990788459777832,-2.670471668243408,-0.4325583577156067,-7.5148444175720215,0.8723198175430298,-0.1867174506187439,2630.912162162162,0.0019216021,80.19141272691712,15.025735648408022,1508.589508623825,0.02421171171171171,16.424702332165396,0.0013347688,0.0008588665,1.5541049
nicolas_confirm.wav,reverb_light,light,-1102.6848164970754,38.38483462419295,32.74979962337577,25.80095187559927,19.58196299803784,15.034211787783498,11.911786554576913,9.434694091293553,7.0439365149693876,4.729765743824499,2.81925897521595,1.5196032188221185,0.6698973848429355,649.2820945945946,5.5740898e-06,75.52264279896536,10.961533475638316,388.18814684544645,0.007170256193693694,19.106198347359385,5.1771262e-06,7.5796765e-07,6.8293724
nicolas_confirm.wav,reverb_heavy,heavy,-1124.0292899915019,10.165065349535952,9.560747398756732,8.69007836284924,7.692623708397185,6.681620064590468,5.730674498755271,4.8853704416587975,4.174287920539044,3.604466219277206,3.1513762724470795,2.764610653868892,2.3951976950415053,684.9662162162163,1.1395243e-06,73.9980061740239,10.445134897689464,369.5001148034016,0.005058769707207207,16.022410897441464,9.810482e-07,2.7057794e-07,3.6244113
owen_approve.wav,original_with_silence,none,-673.9507446289062,56.665287017822266,6.5658698081970215,20.11712074279785,13.012651443481445,-0.4268818497657776,6.486016750335693,2.36643648147583,-2.2110395431518555,-0.3415224850177765,-0.3474927544593811,1.5156718492507935,0.5780364274978638,3273.2007575757575,0.004296067,2055.2897348946367,43.13610952869051,1744.6871006563886,0.029883798926767676,13.46969904863532,0.0015335537,0.003004184,0.51047266
owen_approve.wav,silence_trimmed,none,-571.656005859375,123.21705627441406,5.771490097045898,46.35208511352539,29.0241756439209,-3.862245559692383,15.166502952575684,5.544708251953125,-4.251840591430664,1.1977475881576538,-0.24049338698387146,3.541837453842163,0.977774441242218,3646.7927631578946,0.0109507805,2055.289734894637,43.13610952869051,2437.4246814891526,0.06944729989035088,15.281714078240917,0.00569159,0.005906233,0.96365815
owen_approve.wav,pitch_shift_up_light,light,-595.44091796875,121.56378173828125,8.226422309875488,48.70072937011719,24.0980224609375,-5.050897598266602,14.965858459472656,2.348271608352661,-3.8410027027130127,2.019305467605591,0.737343430519104,4.06182336807251,1.2105432748794556,3648.0263157894738,0.0077326624,71.05520462493271,13.504991115755214,2465.853916404525,0.08106753700657894,19.41350346685923,0.0048971362,0.0034851604,1.4051394
owen_approve.wav,pitch_shift_up_heavy,heavy,-586.644775390625,116.53398895263672,11.280294418334961,51.764549255371094,13.93503189086914,-3.530341386795044,14.680169105529785,-4.080191135406494,-1.924085259437561,4.054445743560791,4.208729267120361,4.695093631744385,2.1384105682373047,4088.404605263158,0.008236809,74.61791686350787,19.564811063390284,2759.327856607903,0.09195535224780702,19.810677131675046,0.0049818396,0.003912026,1.2734679
owen_approve.wav,pitch_shift_down_light,light,-587.9669189453125,115.77941131591797,8.452912330627441,42.74822235107422,32.096435546875,-3.6640515327453613,11.744889259338379,8.466790199279785,-4.666103363037109,-0.8219152688980103,-0.3130207657814026,2.568056344985962,0.9687219858169556,3276.9325657894738,0.008399437,1984.414723825027,55.147831367749745,2246.229699283327,0.07331071820175439,19.95446845390811,0.0047265766,0.0041895052,1.1281945
owen_approve.wav,pitch_shift_down_heavy,heavy,-596.3956909179688,116.98990631103516,9.123966217041016,36.58048629760742,39.5419807434082,1.4857224225997925,9.14688777923584,14.738456726074219,0.6071189641952515,0.1676998734474182,0.009697959758341312,0.07215461134910583,1.8384262323379517,2860.814144736842,0.008383654,1032.3165811041258,873.5841606200325,1959.9437807959432,0.06455163788377193,19.70896159161976,0.004815564,0.0041169687,1.1696868
owen_approve.wav,time_stretch_speedup_light,light,-588.8602294921875,118.03469848632812,9.405117988586426,46.358123779296875,28.588096618652344,-4.518249034881592,13.445061683654785,5.490660667419434,-4.519782066345215,0.779187023639679,-0.22476236522197723,2.410301446914673,0.2676953673362732,3473.756067961165,0.009172062,745.6673507083491,943.26649773682,2389.379470042023,0.07784530491504854,16.111621839539573,0.0052041966,0.004520037,1.1513615
owen_approve.wav,time_stretch_speedup_heavy,heavy,-588.5143432617188,119.22172546386719,9.061211585998535,46.337947845458984,28.84679412841797,-3.9589269161224365,14.034676551818848,5.708113193511963,-4.8420515060424805,0.5091639161109924,0.22173383831977844,2.824709415435791,0.3249211311340332,3339.978448275862,0.008995179,2053.6998838711534,35.0288920785378,2359.995555999633,0.07998832614942529,15.999541449882276,0.0046902536,0.004888327,0.95948035
owen_approve.wav,time_stretch_slowdown_light,light,-594.2631225585938,115.39793395996094,7.259758472442627,44.974761962890625,27.93747329711914,-4.100428104400635,14.641809463500977,6.379322052001953,-4.051153659820557,1.1779669523239136,-0.18638913333415985,2.574784994125366,1.2428408861160278,3653.2738095238096,0.007328416,2058.6901590451444,31.414012664026828,2434.4490937944443,0.07506742931547619,16.461718557224433,0.0043547386,0.003453002,1.2611457
owen_approve.wav,time_stretch_slowdown_heavy,heavy,-594.980712890625,114.52574920654297,7.8770751953125,45.68033981323242,28.521629333496094,-3.299626588821411,14.381058692932129,5.480051517486572,-4.455957889556885,1.0378743410110474,0.3449304699897766,3.545811891555786,1.214439868927002,3729.1666666666665,0.007943513,857.1715469785908,974.525801284287,2473.7374869629357,0.07862232349537036,16.66018176486853,0.0050460757,0.0034467469,1.4640111
owen_approve.wav,noise_overlay_light,light,-397.6927643659295,40.238508496005245,22.75760849001027,29.73725348941093,17.209610803919077,3.051526038166975,9.11546390817266,5.909993782392114,-2.5797813827933815,0.7392069018151545,2.469039162407703,-0.14181437512795234,-0.5027555686505698,17218.955592105263,0.011510642,69.83735385667396,9.545499516848714,8207.706610844127,0.2216282894736842,12.67477516048504,0.0060480703,0.0061541637,0.9827607
owen_approve.wav,noise_overlay_medium,medium,-328.8902688238348,24.751776828322008,19.687560863083483,21.282330744446888,13.013843067749864,4.6692360676368585,7.036316484725224,4.21955197141348,-1.6385817477463298,0.8011491660824153,2.322406768251386,-1.1589701364387737,-1.3145940338514683,19278.782894736843,0.013085159,72.30864731928986,11.828838828921821,9882.24994959242,0.29608689692982454,12.386078845049864,0.00693237,0.006932341,1.0000042
owen_approve.wav,noise_overlay_heavy,heavy,-271.4064039255429,15.723388510326343,15.22081195932213,14.784560060901255,10.593623544019266,6.245721813334292,6.286626964886361,3.4162895068952444,-0.13549541478519125,-0.037599438019824294,0.5197431656923392,-0.4340986697286613,-1.1166913530604934,19923.519736842107,0.016425256,71.54886149575064,10.800230319536405,10827.911955970743,0.35686077987938597,12.302465404103435,0.008735124,0.008577842,1.0183358
owen_approve.wav,time_masking_light,light,-575.413330078125,123.14813232421875,7.590865612030029,43.25358963012695,27.886539459228516,-2.8345460891723633,14.063705444335938,5.179879665374756,-3.6965458393096924,1.2738808393478394,-0.1628744900226593,2.968688726425171,0.4986700415611267,3580.7976973684213,0.010888873,2042.741215958861,44.11397665931193,2380.431066457998,0.05993009868421053,14.882208418268506,0.0056329244,0.005901568,0.9544793
owen_approve.wav,time_masking_heavy,heavy,-598.5963745117188,109.4092025756836,11.128175735473633,39.34367370605469,24.312240600585938,-1.3325754404067993,11.87863826751709,3.182490348815918,-2.223499298095703,1.8472743034362793,-1.3449335098266602,2.110258102416992,0.0586807020008564,2662.2121710526317,0.010437551,73.18941585223361,14.80256324561648,1690.7747290771445,0.04338421737938596,14.560998605147228,0.005309855,0.0057720384,0.9199272
owen_approve.wav,reverb_light,light,-1082.9705756744524,62.12450884472601,50.94903651987763,40.299114724895546,30.370628319088425,22.56504910816209,17.22622160851467,13.429468995489694,10.542115017439379,8.48137954392548,7.253949695420347,6.887490847033849,7.2537873397832495,343.5444078947368,7.905198e-05,66.16542090779687,4.09357969770638,238.93364094094136,0.0017646655701754387,17.457353174675752,7.048514e-05,1.3674007e-05,5.154643
owen_approve.wav,reverb_heavy,heavy,-1105.6043234358133,34.536425564339154,30.180632258154347,25.56882500868657,21.47219761252142,17.79322630699703,14.628327402593548,12.023817934962219,9.847753650227242,8.12450307854946,6.972709198677925,6.406712534745153,6.331758632374667,212.9934210526316,3.9590617e-05,65.56619770330119,0.9658145247603573,125.62718115351707,0.0008395010964912281,16.90386841248569,3.7606635e-05,4.251369e-06,8.845563
owen_confirm.wav,original_with_silence,none,-708.2293701171875,88.57608032226562,22.570293426513672,10.556754112243652,10.694053649902344,6.975764751434326,6.210832595825195,1.4935320615768433,0.8912476897239685,2.26000714302063,0.15628592669963837,0.8357852101325989,1.7045230865478516,2428.110212933754,0.0045051393,66.05859899424648,2.9534537037057444,1217.7404429799058,0.009485286869085173,13.987553067323582,0.003369909,0.0017870888,1.8856975
owen_confirm.wav,silence_trimmed,none,-603.6287841796875,181.8212432861328,44.112667083740234,20.1561222076416,20.900129318237305,13.12424087524414,11.816080093383789,2.7387804985046387,2.0413334369659424,5.019373893737793,0.25453799962997437,0.9094522595405579,2.377669095993042,1960.8839897260275,0.009686964,66.09900123923478,3.0389573420209017,1115.591243829695,0.018247003424657533,16.14630331195991,0.0075317393,0.0035680386,2.1108906
owen_confirm.wav,pitch_shift_up_light,light,-629.015380859375,180.84336853027344,41.40156173706055,19.230884552001953,18.44070053100586,11.154738426208496,9.621844291687012,0.5705307126045227,2.3568615913391113,4.140964508056641,-0.29237136244773865,2.0621235370635986,2.5867183208465576,1911.922089041096,0.006520401,66.25701768451185,3.0600288398756876,1076.8195802580328,0.021066325984589043,20.09939225812896,0.0052705114,0.0021503244,2.4510307
owen_confirm.wav,pitch_shift_up_heavy,heavy,-633.3814086914062,195.18841552734375,31.65374755859375,19.66144371032715,17.708498001098633,9.717062950134277,7.323544025421143,-1.1569255590438843,4.510351657867432,2.8218626976013184,0.01813601143658161,2.8042428493499756,1.39193594455719,2032.6412671232877,0.0063999174,66.51355225348036,3.65114631485784,1134.8083570629174,0.022828820633561644,20.529311063074875,0.005143685,0.0021683725,2.3721406
owen_confirm.wav,pitch_shift_down_light,light,-639.2423095703125,186.36849975585938,45.58954620361328,20.19698715209961,22.01205062866211,12.781538009643555,12.244030952453613,4.3897504806518555,1.6603161096572876,5.064748287200928,0.081330806016922,-0.7988400459289551,0.7912701964378357,1612.5321061643835,0.006947417,67.40895474698185,5.3302100764390445,941.0846020202665,0.017471104452054794,21.24198364418115,0.005489926,0.0023591963,2.3270323
owen_confirm.wav,pitch_shift_down_heavy,heavy,-659.4187622070312,191.72116088867188,48.411197662353516,19.048871994018555,23.612459182739258,13.781036376953125,13.297965049743652,7.277276992797852,0.04296248033642769,4.527541160583496,2.5636250972747803,-0.8295032978057861,0.4226846992969513,1475.599315068493,0.005852842,72.46884604693616,8.005266147961175,863.5397823732606,0.017069777397260275,21.01803939944273,0.004266264,0.0021891552,1.9488175
owen_confirm.wav,time_stretch_speedup_light,light,-631.6707153320312,183.5040283203125,45.650421142578125,20.857633590698242,20.604040145874023,12.734393119812012,11.96026611328125,3.116809844970703,2.6816115379333496,5.620545387268066,0.10425301641225815,-0.04506880044937134,1.2816168069839478,1654.1193181818182,0.0073076244,65.96769384008101,3.276681000847765,991.1946732144588,0.019627426609848484,16.745906323451162,0.005884702,0.002485741,2.3673835
owen_confirm.wav,time_stretch_speedup_heavy,heavy,-624.095703125,177.1314239501953,47.553592681884766,21.60270881652832,20.090938568115234,12.678812980651855,12.231653213500977,3.8994433879852295,2.436490774154663,4.465725898742676,-0.6710012555122375,-0.318586140871048,1.9659277200698853,1632.4637276785713,0.0076973033,67.37188883549533,5.483633204980153,976.9340809575358,0.017473493303571428,16.848111664685778,0.0062653795,0.0026369747,2.3759725
owen_confirm.wav,time_stretch_slowdown_light,light,-633.1273193359375,180.22793579101562,45.444183349609375,21.133426666259766,20.601608276367188,12.681842803955078,11.922369003295898,3.3079991340637207,2.1699893474578857,4.8135905265808105,0.5469082593917847,1.2483714818954468,2.0726656913757324,1794.2708333333333,0.0072396244,70.85256746399133,10.54506683576453,1030.5123125840812,0.01988088348765432,16.953539942535908,0.0058364896,0.0022805189,2.5592813
owen_confirm.wav,time_stretch_slowdown_heavy,heavy,-637.4747314453125,178.25819396972656,43.77000427246094,20.03879165649414,20.08772850036621,12.304180145263672,11.116012573242188,1.7295126914978027,0.876093327999115,4.346076488494873,0.2500104308128357,1.142584204673767,2.3985421657562256,1911.846454326923,0.0060112444,67.6501025470172,5.737068299811696,1095.7063382812391,0.020615797776442308,16.94030411371289,0.0049371007,0.0017204345,2.8696823
owen_confirm.wav,noise_overlay_light,light,-397.27703183063437,53.66951080021512,36.21898463916475,22.631370521917116,15.598998179515398,10.992936922581729,7.94792466846479,4.967377801150312,2.841700231273483,2.0341287350792943,2.3308548909923825,2.4767839008849215,2.0470588699500443,18017.658390410958,0.010150147,66.83108490694204,4.2458042152022015,8329.22858199836,0.17722602739726026,13.715920699329612,0.0077080294,0.003908697,1.9720201
owen_confirm.wav,noise_overlay_medium,medium,-327.36425414612046,32.26221368892533,26.39497652476299,18.910144283606364,13.394264001018419,8.724749006007894,6.062735780059072,4.587943979562797,3.266025750960035,2.7734471263541303,2.4446145989381174,2.0456932889686588,1.276818577688641,19497.431506849316,0.011578256,67.15491334262697,3.406984836857885,10033.837125132322,0.2663440443065068,13.175327690776646,0.008320963,0.004807679,1.7307651
owen_confirm.wav,noise_overlay_heavy,heavy,-270.99150594085353,18.893595824108754,18.55074873091011,13.766232458109824,10.19086824309251,7.633713928436261,5.9711670380986845,3.724217389541628,2.3019260283309837,2.186236700306799,2.3273554799967653,1.9984907863593322,1.4661478729308794,20024.775256849316,0.014914623,67.69293430296894,4.375857985317387,10974.125914120328,0.35302734375,12.652868870664838,0.00976196,0.0066665076,1.464329
owen_confirm.wav,time_masking_light,light,-607.4366455078125,177.9358673095703,42.86104965209961,20.03071403503418,20.467599868774414,12.478619575500488,11.554771423339844,2.9213876724243164,2.332620620727539,5.204384803771973,0.3147890269756317,0.8422809839248657,2.1954574584960938,1978.060787671233,0.009668732,66.09900123923478,3.0389573420209017,1105.7263927637239,0.016855736301369863,16.045126131536477,0.007520746,0.003559596,2.112809
owen_confirm.wav,time_masking_heavy,heavy,-647.7721557617188,141.96107482910156,33.408443450927734,20.552202224731445,18.350608825683594,11.740144729614258,12.332077980041504,2.3222241401672363,-0.046988289803266525,3.9724581241607666,0.7502086162567139,0.8650959730148315,1.9134784936904907,1953.1785102739725,0.006086471,66.00282784529644,3.1905420812715186,1128.3036761620256,0.01597281678082192,13.900430474735442,0.0033078424,0.003312385,0.9986286
owen_confirm.wav,reverb_light,light,-1075.457727215156,73.69168025927254,60.30584841667539,44.83424222483148,31.90757074152902,22.781755208378577,16.605498073210935,12.447405457259979,9.879479056788746,8.465081460016547,7.561411248349782,6.789619535564594,6.3210825831139905,338.2384417808219,4.9311744e-05,65.72571654764263,2.0403152841986447,193.86920098364757,0.0030734963613013697,17.3313210362445,4.5251483e-05,6.9394996e-06,6.520763
owen_confirm.wav,reverb_heavy,heavy,-1105.0060965418481,36.10117948602215,33.028031133203484,29.073936966734955,24.990969481934414,21.003465716784206,17.19388977501481,13.884641220131881,11.486662480492132,10.071634431923385,9.273384363186855,8.646050097103828,8.021507164757441,248.82277397260273,2.2663247e-05,65.4137698266969,0.07451921281416482,136.9324254306414,0.0009364297945205479,17.46323731640336,2.1846585e-05,1.9277943e-06,11.331837
